funcionario,cargo,ministerio,url,foto
Sergio Busso,Ministro de Agricultura y Ganadería,Ministro de Agricultura y Ganadería,http://www.cba.gov.ar/reparticion/ministerio-de-agricultura-y-ganaderia/,http://www.cba.gov.ar/wp-content/4p96humuzp/2012/05/Sergio-Busso.png
Walter Mario Grahovac,Ministro de Educación,Ministro de Educación,http://www.cba.gov.ar/reparticion/ministerio-de-educacion/,http://www.cba.gov.ar/wp-content/4p96humuzp/2012/05/edu_walter_grahovac.jpg
Julio Bañuelos,Presidente de la Agencia Córdoba Turismo,Presidente de la Agencia Córdoba Turismo,http://www.cba.gov.ar/reparticion/agencia-cordoba-turismo/,http://www.cba.gov.ar/wp-content/4p96humuzp/2012/06/julio-bañuelos.jpg
Julieta Rinaldi,Presidente de la Agencia Córdoba Joven,Presidente de la Agencia Córdoba Joven,http://www.cba.gov.ar/reparticion/agencia-cordoba-joven/,http://www.cba.gov.ar/wp-content/4p96humuzp/2012/06/julieta-rinaldi.png
Medardo Ligorria,Presidente de la Agencia Córdoba Deportes,Presidente de la Agencia Córdoba Deportes,http://www.cba.gov.ar/reparticion/agencia-cordoba-deportes/,http://www.cba.gov.ar/wp-content/4p96humuzp/2012/06/Medardo_Ligorria1.jpg
Nora Esther Bedano,Presidente de la Agencia Córdoba Cultura,Presidente de la Agencia Córdoba Cultura,http://www.cba.gov.ar/reparticion/agencia-cordoba-cultura/,http://www.cba.gov.ar/wp-content/4p96humuzp/2012/06/nora-bedano.jpg
Fabián López,"Ministro de Agua, Ambiente y Servicios Públicos","Ministro de Agua, Ambiente y Servicios Públicos",http://www.cba.gov.ar/reparticion/ministerio-de-agua-ambiente-y-servicios-publicos-3/,http://www.cba.gov.ar/wp-content/4p96humuzp/2012/05/Fabián-López.jpg
 Ricardo Roberto Sosa,Ministro de Obras Públicas y Financiamiento,Ministro de Obras Públicas y Financiamiento,http://www.cba.gov.ar/reparticion/ministerio-de-obras-pubicas-y-financiamiento/,http://www.cba.gov.ar/wp-content/4p96humuzp/2017/05/ricardososa.jpg
Roberto Avalle,"Ministro de Industria, Comercio y Minería","Ministro de Industria, Comercio y Minería",http://www.cba.gov.ar/reparticion/ministerio-de-industria-comercio-y-mineria/,http://www.cba.gov.ar/wp-content/4p96humuzp/2012/05/Roberto-Avalle.jpg
Juan Carlos Massei,Ministro de Gobierno,Ministro de Gobierno,http://www.cba.gov.ar/reparticion/ministerio-de-gobierno/,http://www.cba.gov.ar/wp-content/4p96humuzp/2012/06/Massei-juan-carlos.jpg
Jorge Córdoba,Fiscal de Estado,Fiscal de Estado,http://www.cba.gov.ar/reparticion/fiscalia-de-estado/,http://www.cba.gov.ar/wp-content/4p96humuzp/2012/05/cordobafiscal.jpg
Osvaldo Giordano,Ministro de Finanzas,Ministro de Finanzas,http://www.cba.gov.ar/reparticion/ministerio-de-finanzas/,http://www.cba.gov.ar/wp-content/4p96humuzp/2012/05/osvaldo-giordano.jpg
Sergio Hugo Tocalli,Ministro de Desarrollo Social,Ministro de Desarrollo Social,http://www.cba.gov.ar/reparticion/ministerio-de-desarrollo-social/,http://www.cba.gov.ar/wp-content/4p96humuzp/2012/05/tocali.jpg
Carlos Walter Robledo,Ministro de Ciencia y Tecnología,Ministro de Ciencia y Tecnología,http://www.cba.gov.ar/reparticion/ministerio-de-ciencia-y-tecnologia/,http://www.cba.gov.ar/wp-content/4p96humuzp/2015/12/Walter-Robledo.jpg
Omar Hugo Sereno,Ministro de Trabajo,Ministro de Trabajo,http://www.cba.gov.ar/reparticion/ministerio-de-trabajo/,http://www.cba.gov.ar/wp-content/4p96humuzp/2012/05/Omar-Hugo-Sereno.jpg
María Laura Castiñeiras,Secretaria ,Secretaria ,http://www.cba.gov.ar/reparticion/secretaria-privada-del-poder-ejecutivo/,
Marcos Blanda,Secretario de Agricultura,Ministro de Agricultura y Ganadería,http://www.cba.gov.ar/reparticion/ministerio-de-agricultura-y-ganaderia/secretaria-de-agricultura/,http://www.cba.gov.ar/wp-content/4p96humuzp/2012/05/marcos-blanda.gif
Olden Martín José Riberi,Secretario de Ganadería,Ministro de Agricultura y Ganadería,http://www.cba.gov.ar/reparticion/ministerio-de-agricultura-y-ganaderia/secretaria-de-ganaderia/,http://www.cba.gov.ar/wp-content/4p96humuzp/2012/05/Olden-Riberi1.jpg
Liliana Allasia,Directora de Producción,Ministro de Agricultura y Ganadería,http://www.cba.gov.ar/reparticion/ministerio-de-agricultura-y-ganaderia/secretaria-de-ganaderia/direccion-de-produccion/,http://www.cba.gov.ar/wp-content/4p96humuzp/2016/07/Liliana-Allasia.jpg
Alfredo Ciro Díaz,Director de Sanidad,Ministro de Agricultura y Ganadería,http://www.cba.gov.ar/reparticion/ministerio-de-agricultura-y-ganaderia/secretaria-de-ganaderia/direccion-de-sanidad/,http://www.cba.gov.ar/wp-content/4p96humuzp/2012/11/ALFREDO-CIRO-DIAZ21.jpg
Edgardo Delfor Bustamante,Subsecretario de Infraestructura Agropecuaria,Ministro de Agricultura y Ganadería,http://www.cba.gov.ar/reparticion/ministerio-de-agricultura-y-ganaderia/subsecretaria-de-infraestructura-agropecuaria/,http://www.cba.gov.ar/wp-content/4p96humuzp/2016/07/Edgardo-Bustamante.jpg
Abel Oscar Ponce,"Director General de Agencias Zonales,",Ministro de Agricultura y Ganadería,http://www.cba.gov.ar/reparticion/ministerio-de-agricultura-y-ganaderia/direccion-general-de-agencias-zonales/,http://www.cba.gov.ar/wp-content/4p96humuzp/2015/12/Abel-Ponce-list.jpg
Mariana Victoria,Directora de Producción Agropecuaria Familiar,Ministro de Agricultura y Ganadería,http://www.cba.gov.ar/reparticion/ministerio-de-agricultura-y-ganaderia/direccion-de-produccion-agropecuaria-familiar/,http://www.cba.gov.ar/wp-content/4p96humuzp/2018/04/thumbnail_Mariana-Victoria.jpg
Armando Ellena,Director General de Coordinación Administrativa y Legal,Ministro de Agricultura y Ganadería,http://www.cba.gov.ar/reparticion/ministerio-de-agricultura-y-ganaderia/direccion-general-de-coordinacion-administrativa-y-legal/,http://www.cba.gov.ar/wp-content/4p96humuzp/2016/07/Armando-Ellena-1.jpg
Martín Alejandro Gutiérrez,Director General de Fiscalización y Control,Ministro de Agricultura y Ganadería,http://www.cba.gov.ar/reparticion/ministerio-de-agricultura-y-ganaderia/direccion-general-de-fiscalizacion-y-control/,http://www.cba.gov.ar/wp-content/4p96humuzp/2016/02/Martin-Gutierrez.jpg
María Laura Marín,Directora de Asuntos Legales,Ministro de Agricultura y Ganadería,http://www.cba.gov.ar/reparticion/ministerio-de-agricultura-y-ganaderia/direccion-jurisdiccion-de-asuntos-legales/,http://www.cba.gov.ar/wp-content/4p96humuzp/2016/07/Maria-Laura-Marin-dos-1.jpg
,Director Control  de Gestión y Desarrollo,Ministro de Agricultura y Ganadería,http://www.cba.gov.ar/reparticion/ministerio-de-agricultura-y-ganaderia/direccion-jurisdiccion-control-de-gestion-y-desarrollo/,
María Soledad Pagán,Directora de Administración,Ministro de Agricultura y Ganadería,http://www.cba.gov.ar/reparticion/ministerio-de-agricultura-y-ganaderia/direccion-jurisdiccion-de-administracion/,
,Dirección de Recursos Humanos,Ministro de Agricultura y Ganadería,http://www.cba.gov.ar/reparticion/ministerio-de-agricultura-y-ganaderia/direccion-jurisdiccion-de-recursos-humanos/,
Guillermo Goloboff,Director de Sistemas,Ministro de Agricultura y Ganadería,http://www.cba.gov.ar/reparticion/ministerio-de-agricultura-y-ganaderia/direccion-jurisdiccion-de-sistemas/,http://www.cba.gov.ar/wp-content/4p96humuzp/2012/08/thumbnail_Guillermo-Goloboff.jpg
Delia Provinciali,Secretaria de Educación,Ministro de Educación,http://www.cba.gov.ar/reparticion/ministerio-de-educacion/secretaria-de-educacion/,http://www.cba.gov.ar/wp-content/4p96humuzp/2012/05/DeliaProvinciali.jpg.jpg
Horacio Ferreyra,Subsecretarío de Promoción de Igualdad y Calidad Educativa,Ministro de Educación,http://www.cba.gov.ar/reparticion/ministerio-de-educacion/secretaria-de-educacion/subsecretaria-de-promocion-de-igualdad-y-calidad-educativa-2/,http://www.cba.gov.ar/wp-content/4p96humuzp/2012/05/Horacio_Ferreyra.jpg
Carlos Omar Brene,Director General de Educación de Jóvenes y Adultos,Ministro de Educación,http://www.cba.gov.ar/reparticion/ministerio-de-educacion/secretaria-de-educacion/dir-gral-de-educacion-de-jovenes-y-adultos/,http://www.cba.gov.ar/wp-content/4p96humuzp/2012/05/Carlos-Brene1.jpg
Nicolás De Mori,"Director General de Planeamiento, Información y Evaluación Educativa",Ministro de Educación,http://www.cba.gov.ar/reparticion/ministerio-de-educacion/secretaria-de-educacion/dir-gral-de-planeamiento-informacion-y-calidad-educativa/,http://www.cba.gov.ar/wp-content/4p96humuzp/2012/05/de-mori-200x150.jpg
Víctor Gómez,Director General Educación Secundaria,Ministro de Educación,http://www.cba.gov.ar/reparticion/ministerio-de-educacion/secretaria-de-educacion/dir-gral-educacion-secundaria/,http://www.cba.gov.ar/wp-content/4p96humuzp/2012/05/Víctor-Gómez.jpg
Hugo Ramón Zanet,Director General Enseñanza Privada,Ministro de Educación,http://www.cba.gov.ar/reparticion/ministerio-de-educacion/secretaria-de-educacion/dir-gral-ensenanza-privada/,http://www.cba.gov.ar/wp-content/4p96humuzp/2012/05/Hugo_Zanet.jpg
Domingo Aringoli,Director General Educación Técnica y Formación Profesional,Ministro de Educación,http://www.cba.gov.ar/reparticion/ministerio-de-educacion/secretaria-de-educacion/dir-gral-educacion-tecnica-y-formacion-profesional/,http://www.cba.gov.ar/wp-content/4p96humuzp/2012/05/Domingo_Aringoli.jpg
Santiago Amadeo Lucero,Director General Educación Superior,Ministro de Educación,http://www.cba.gov.ar/reparticion/ministerio-de-educacion/secretaria-de-educacion/dir-gral-educacion-superior/,http://www.cba.gov.ar/wp-content/4p96humuzp/2012/05/Santiago-Lucero1.jpg
Stella Maris Adrover,Directora General de Educación Primaria,Ministro de Educación,http://www.cba.gov.ar/reparticion/ministerio-de-educacion/secretaria-de-educacion/direccion-general-de-nivel-inicial-y-primaria-ministerio-de-educacion/,http://www.cba.gov.ar/wp-content/4p96humuzp/2012/06/Stella-Maris-Adrover1.jpg
Edith Teresa Flores,Directora General de Educación Inicial,Ministro de Educación,http://www.cba.gov.ar/reparticion/ministerio-de-educacion/secretaria-de-educacion/direccion-general-de-educacion-inicial/,http://www.cba.gov.ar/wp-content/4p96humuzp/2015/12/Edhit-Flores.jpg
Alicia Beatriz Bonetto,Directora General de Educación Especial y Hospitalaria,Ministro de Educación,http://www.cba.gov.ar/reparticion/ministerio-de-educacion/secretaria-de-educacion/direccion-general-de-educacion-especial-y-hospitalaria/,http://www.cba.gov.ar/wp-content/4p96humuzp/2015/12/Alicia-Bonetto1.jpg
Rodolfo Nicolás Carvajal,Secretario de Gestión Administrativa,Ministro de Educación,http://www.cba.gov.ar/reparticion/ministerio-de-educacion/secretaria-de-gestion-administrativa-ministerio-de-educacion/,http://www.cba.gov.ar/wp-content/4p96humuzp/2012/06/Nicolás-Carvajal.jpg
Virginia Monassa,Directora de Recursos Humanos,Ministro de Educación,http://www.cba.gov.ar/reparticion/ministerio-de-educacion/secretaria-de-gestion-administrativa-ministerio-de-educacion/direccion-de-recursos-humanos-3/,http://www.cba.gov.ar/wp-content/4p96humuzp/2017/08/Virginia-Monassa.png
Sergio Adrián Vexenat ,Subdirector de Recursos Humanos,Ministro de Educación,http://www.cba.gov.ar/reparticion/ministerio-de-educacion/secretaria-de-gestion-administrativa-ministerio-de-educacion/direccion-de-recursos-humanos-3/subdireccion-de-recursos-humanos/,
Carlos Alberto Sanchez,Secretario de Relaciones Institucionales,Ministro de Educación,http://www.cba.gov.ar/reparticion/ministerio-de-educacion/secretaria-de-relaciones-institucionales-ministerio-de-educacion/,http://www.cba.gov.ar/wp-content/4p96humuzp/2012/06/Carlos_alberto_Sanchez.jpg
Carlos Pedetta,Director General de Programas Especiales,Ministro de Educación,http://www.cba.gov.ar/reparticion/ministerio-de-educacion/secretaria-de-relaciones-institucionales-ministerio-de-educacion/direccion-general-de-programas-especiales-ministerio-de-educacion/,http://www.cba.gov.ar/wp-content/4p96humuzp/2012/06/Carlos-Pedetta1.jpg
Carlos Dalmiro Paz,Subdirector de Promoción Social y de la Salud,Ministro de Educación,http://www.cba.gov.ar/reparticion/ministerio-de-educacion/secretaria-de-relaciones-institucionales-ministerio-de-educacion/direccion-general-de-programas-especiales-ministerio-de-educacion/subdireccion-de-jurisdiccion-promocion-social-y-de-la-salud/,
Marcelo Fita,Subdirector de Participación de la Comunidad,Ministro de Educación,http://www.cba.gov.ar/reparticion/ministerio-de-educacion/secretaria-de-relaciones-institucionales-ministerio-de-educacion/direccion-general-de-programas-especiales-ministerio-de-educacion/subdireccion-de-participacion-de-la-comunidad/,
Rosana Zárate,Subdirectora de Programas Especiales,Ministro de Educación,http://www.cba.gov.ar/reparticion/ministerio-de-educacion/secretaria-de-relaciones-institucionales-ministerio-de-educacion/direccion-general-de-programas-especiales-ministerio-de-educacion/subdireccion-de-programas-especiales/,
Carlos Ricardo Giovannoni,Director General de Infraestructura Escolar,Ministro de Educación,http://www.cba.gov.ar/reparticion/ministerio-de-educacion/direccion-general-de-infraestructura-escolar/,http://www.cba.gov.ar/wp-content/4p96humuzp/2015/12/Carlos-Giovannoni.jpg
José Antonio Papa,Subdirector de Programas Especiales e Infraestructura,Ministro de Educación,http://www.cba.gov.ar/reparticion/ministerio-de-educacion/direccion-general-de-infraestructura-escolar/subdireccion-de-programas-especiales-e-infraestructura/,
Alfredo Oscar Colazo,Director General de Asuntos Legales ,Ministro de Educación,http://www.cba.gov.ar/reparticion/ministerio-de-educacion/direccion-de-jurisdiccion-de-coordinacion-de-asuntos-legales/,http://www.cba.gov.ar/wp-content/4p96humuzp/2012/12/Alfredo-Colasso.jpg
Marcela Flachs,Vocal del Directorio de la Agencia Córdoba Turismo,Presidente de la Agencia Córdoba Turismo,http://www.cba.gov.ar/reparticion/agencia-cordoba-turismo/vocal-2-de-la-agencia-cordoba-turismo/,http://www.cba.gov.ar/wp-content/4p96humuzp/2012/06/Marcela-Flach.jpg
Gabriel Raies,Vocal del Directorio de la Agencia Córdoba Turismo,Presidente de la Agencia Córdoba Turismo,http://www.cba.gov.ar/reparticion/agencia-cordoba-turismo/vocal-1-de-la-agencia-cordoba-turismo/,http://www.cba.gov.ar/wp-content/4p96humuzp/2012/06/Gabriel-Raies.jpg
Ramón Graneros,Vocal del Directorio de la Agencia Córdoba Turismo,Presidente de la Agencia Córdoba Turismo,http://www.cba.gov.ar/reparticion/agencia-cordoba-turismo/vocal-3-de-la-agencia-cordoba-turismo/,
Sergio Spicogna,Vocal del Directorio de la Agencia Córdoba Turismo,Presidente de la Agencia Córdoba Turismo,http://www.cba.gov.ar/reparticion/agencia-cordoba-turismo/vocal-4-de-la-agencia-cordoba-turismo/,
Raúl Ahumada,Vocal del Directorio de la Agencia Córdoba Turismo,Presidente de la Agencia Córdoba Turismo,http://www.cba.gov.ar/reparticion/agencia-cordoba-turismo/vocal-6-de-la-agencia-cordoba-turismo/,
Fabricio Sebastián Díaz,Vocal del Directorio de la Agencia Córdoba Turismo,Presidente de la Agencia Córdoba Turismo,http://www.cba.gov.ar/reparticion/agencia-cordoba-turismo/vocal-del-directorio-de-la-agencia-cordoba-turismo/,
Héctor Dante Colombo,Síndico Titular de la Agencia Córdoba Turismo,Presidente de la Agencia Córdoba Turismo,http://www.cba.gov.ar/reparticion/agencia-cordoba-turismo/sindico-titular-de-la-agencia-cordoba-turismo/,
Edgar Bruno,Vocal Agencia Córdoba Joven ,Presidente de la Agencia Córdoba Joven,http://www.cba.gov.ar/reparticion/agencia-cordoba-joven/vocal-agencia-cordoba-joven-2/,http://www.cba.gov.ar/wp-content/4p96humuzp/2016/01/Edgar-Bruno1.jpg
Valeria Butteler,Vocal Agencia Córdoba Joven,Presidente de la Agencia Córdoba Joven,http://www.cba.gov.ar/reparticion/agencia-cordoba-joven/vocal-agencia-cordoba-joven-4/,http://www.cba.gov.ar/wp-content/4p96humuzp/2016/01/Valeria-Butteler1.jpg
 Matias Anconetani,Vocal Agencia Córdoba Joven,Presidente de la Agencia Córdoba Joven,http://www.cba.gov.ar/reparticion/agencia-cordoba-joven/vocal-agencia-cordoba-joven-5/,http://www.cba.gov.ar/wp-content/4p96humuzp/2016/01/Matias-Anconetani1.jpg
Leandro Martín Carpintero,Vocal Agencia Córdoba Joven,Presidente de la Agencia Córdoba Joven,http://www.cba.gov.ar/reparticion/agencia-cordoba-joven/vocal-agencia-cordoba-joven-1/,http://www.cba.gov.ar/wp-content/4p96humuzp/2016/01/thumbnail_LEANDRO-CARPINTERO-retoc.jpg
Marcelo Ferro,Vocal Agencia Córdoba Joven,Presidente de la Agencia Córdoba Joven,http://www.cba.gov.ar/reparticion/agencia-cordoba-joven/vocal-agencia-cordoba-joven-6/,http://www.cba.gov.ar/wp-content/4p96humuzp/2016/01/Marcelo-Ferro1.jpg
Jonatan Palomeque Farfán,Vocal Agencia Córdoba Joven,Presidente de la Agencia Córdoba Joven,http://www.cba.gov.ar/reparticion/agencia-cordoba-joven/vocal-agencia-cordoba-joven/,http://www.cba.gov.ar/wp-content/4p96humuzp/2016/01/thumbnail_JONATAN-PALOMEQUE-FARFAN-retoc.jpg
Luis Muñoz,Director de Promoción y Eventos,Presidente de la Agencia Córdoba Joven,http://www.cba.gov.ar/reparticion/agencia-cordoba-joven/direccion-de-promocion-y-eventos/,http://www.cba.gov.ar/wp-content/4p96humuzp/2012/07/Luis-Muñoz1.jpg
Elena Noemí Maule,Director General de Administracion y Legales,Presidente de la Agencia Córdoba Joven,http://www.cba.gov.ar/reparticion/agencia-cordoba-joven/direccion-general-de-administracion-y-legales/,
Georgina Bardach,Vocal,Presidente de la Agencia Córdoba Deportes,http://www.cba.gov.ar/reparticion/agencia-cordoba-deportes/vocal-de-directorio-2/,http://www.cba.gov.ar/wp-content/4p96humuzp/2012/06/Georgina_Bardach1.jpg
Silvio Tranquilli,Vocal,Presidente de la Agencia Córdoba Deportes,http://www.cba.gov.ar/reparticion/agencia-cordoba-deportes/vocal-de-directorio-11/,http://www.cba.gov.ar/wp-content/4p96humuzp/2012/06/Silvio_Tranquilli1.jpg
Oscar Dertycia,Vocal,Presidente de la Agencia Córdoba Deportes,http://www.cba.gov.ar/reparticion/agencia-cordoba-deportes/vocal-de-directorio-8/,http://www.cba.gov.ar/wp-content/4p96humuzp/2012/06/Oscar_Dertycia1.jpg
Mariano Reutemann,Vocal,Presidente de la Agencia Córdoba Deportes,http://www.cba.gov.ar/reparticion/agencia-cordoba-deportes/vocal-de-directorio-9/,http://www.cba.gov.ar/wp-content/4p96humuzp/2012/06/Mariano_Reutemann1.jpg
Jorge Pratolongo,Vocal,Presidente de la Agencia Córdoba Deportes,http://www.cba.gov.ar/reparticion/agencia-cordoba-deportes/vocal-de-directorio-5/,http://www.cba.gov.ar/wp-content/4p96humuzp/2012/06/Jorge_Pratolongo1.jpg
Juan Domingo Viola,Vocal,Presidente de la Agencia Córdoba Deportes,http://www.cba.gov.ar/reparticion/agencia-cordoba-deportes/vocal-de-directorio-10/,http://www.cba.gov.ar/wp-content/4p96humuzp/2012/06/Juan_Domingo_Viola1.jpg
Jorge Cattaneo,Vocal,Presidente de la Agencia Córdoba Deportes,http://www.cba.gov.ar/reparticion/agencia-cordoba-deportes/vocal-de-directorio-4/,http://www.cba.gov.ar/wp-content/4p96humuzp/2012/06/Jorge_Cattaneo1.jpg
Mariano Schiaretti,Vocal de Directorio,Presidente de la Agencia Córdoba Deportes,http://www.cba.gov.ar/reparticion/agencia-cordoba-deportes/vocal-de-directorio/,http://www.cba.gov.ar/wp-content/4p96humuzp/2016/02/Mariano_Schiaretti.jpg
Amira Ramadán,Vocal,Presidente de la Agencia Córdoba Deportes,http://www.cba.gov.ar/reparticion/agencia-cordoba-deportes/vocal-de-directorio-3/,
Mario Jorge López Amaya,Síndico Titular,Presidente de la Agencia Córdoba Deportes,http://www.cba.gov.ar/reparticion/agencia-cordoba-deportes/sindico-titular/,
Jorge Álvarez,Vocal del Directorio de la Agencia Córdoba Cultura,Presidente de la Agencia Córdoba Cultura,http://www.cba.gov.ar/reparticion/agencia-cordoba-cultura/vocal-1-directorio-cultura/,
Nora Cingolani,Vocal del Directorio de la Agencia Córdoba Cultura,Presidente de la Agencia Córdoba Cultura,http://www.cba.gov.ar/reparticion/agencia-cordoba-cultura/vocal-del-directorio-de-cultura/,http://www.cba.gov.ar/wp-content/4p96humuzp/2014/08/Nora-Cingolani-vocal.jpg
Liliana Beatriz Arraya ,Vocal del Directorio de la Agencia Córdoba Cultura,Presidente de la Agencia Córdoba Cultura,http://www.cba.gov.ar/reparticion/agencia-cordoba-cultura/vocal-3-directorio-cultura/,
Marcos Hernán Bovo,Vocal del Directorio de la Agencia Córdoba Cultura,Presidente de la Agencia Córdoba Cultura,http://www.cba.gov.ar/reparticion/agencia-cordoba-cultura/vocal-del-directorio-de-la-agencia-cordoba-cultura/,http://www.cba.gov.ar/wp-content/4p96humuzp/2017/12/marcos-bovo.jpg
Marilina Mirez Boemio,Directora General de Administración,Presidente de la Agencia Córdoba Cultura,http://www.cba.gov.ar/reparticion/agencia-cordoba-cultura/direccion-general-de-administracion/,
Javier Britch,Secretario de Ambiente y Cambio Climático,"Ministro de Agua, Ambiente y Servicios Públicos",http://www.cba.gov.ar/reparticion/ministerio-de-agua-ambiente-y-servicios-publicos-3/secretaria-de-ambiente-y-cambio-climatico/,http://www.cba.gov.ar/wp-content/4p96humuzp/2015/04/britch-j.png
Diego Horacio Suárez,Director General de Conservación de la Biodiversidad y Recursos Naturales,"Ministro de Agua, Ambiente y Servicios Públicos",http://www.cba.gov.ar/reparticion/ministerio-de-agua-ambiente-y-servicios-publicos-3/secretaria-de-ambiente-y-cambio-climatico/direccion-general-de-conservacion-de-la-biodiversidad-y-recursos-naturales/,
Maria Alejandra Novara ,Directora General de Instrumentos y Políticas de Gestión Ambiental,"Ministro de Agua, Ambiente y Servicios Públicos",http://www.cba.gov.ar/reparticion/ministerio-de-agua-ambiente-y-servicios-publicos-3/secretaria-de-ambiente-y-cambio-climatico/direccion-general-de-instrumentos-y-politicas-de-gestion-ambiental/,
Román Cristian Pereyra,Director General de Mitigación y Adaptación al Cambio Climático,"Ministro de Agua, Ambiente y Servicios Públicos",http://www.cba.gov.ar/reparticion/ministerio-de-agua-ambiente-y-servicios-publicos-3/secretaria-de-ambiente-y-cambio-climatico/direccion-general-de-mitigacion-y-adaptacion-al-cambio-climatico/,http://www.cba.gov.ar/wp-content/4p96humuzp/2016/02/AGUA-correg..jpg
Alberto Bresciano,Secretario de Servicios Públicos,"Ministro de Agua, Ambiente y Servicios Públicos",http://www.cba.gov.ar/reparticion/ministerio-de-agua-ambiente-y-servicios-publicos-3/secretaria-de-servicios-publicos/,http://www.cba.gov.ar/wp-content/4p96humuzp/2012/05/Alberto-Bresciano1.jpg
Juan Vallejos,Director General de Operaciones,"Ministro de Agua, Ambiente y Servicios Públicos",http://www.cba.gov.ar/reparticion/ministerio-de-agua-ambiente-y-servicios-publicos-3/secretaria-de-servicios-publicos/direccion-general-de-operaciones/,
,Director General de Regulación de Servicios Públicos,"Ministro de Agua, Ambiente y Servicios Públicos",http://www.cba.gov.ar/reparticion/ministerio-de-agua-ambiente-y-servicios-publicos-3/secretaria-de-servicios-publicos/direccion-general-de-control-regulacion-de-servicios-publicos/,
Gabriel Bermúdez,Secretario de Transporte,"Ministro de Agua, Ambiente y Servicios Públicos",http://www.cba.gov.ar/reparticion/ministerio-de-agua-ambiente-y-servicios-publicos-3/secretaria-de-transporte/,http://www.cba.gov.ar/wp-content/4p96humuzp/2012/05/Gabriel-Bermudez.jpg
Marcelo Mansilla,Director General de Transporte de Pasajeros,"Ministro de Agua, Ambiente y Servicios Públicos",http://www.cba.gov.ar/reparticion/ministerio-de-agua-ambiente-y-servicios-publicos-3/secretaria-de-transporte/direccion-general-de-transporte-boleto-educativo/,
Carlos Alaye,Director General de Transporte de Cargas,"Ministro de Agua, Ambiente y Servicios Públicos",http://www.cba.gov.ar/reparticion/ministerio-de-agua-ambiente-y-servicios-publicos-3/secretaria-de-transporte/direccion-general-de-operaciones/,http://www.cba.gov.ar/wp-content/4p96humuzp/2014/02/carlos-alaye.jpg
Emiliano Willatowski,Director General de Administración,"Ministro de Agua, Ambiente y Servicios Públicos",http://www.cba.gov.ar/reparticion/ministerio-de-agua-ambiente-y-servicios-publicos-3/secretaria-de-transporte/direccion-general-de-administracion/,
Edgar Castelló,Secretario de Recursos Hídricos,"Ministro de Agua, Ambiente y Servicios Públicos",http://www.cba.gov.ar/reparticion/ministerio-de-agua-ambiente-y-servicios-publicos-3/secretaria-de-recursos-hidricos-y-coordinacion/,http://www.cba.gov.ar/wp-content/4p96humuzp/2012/05/Edgar-Castelló.jpg
,Director General de Irrigación,"Ministro de Agua, Ambiente y Servicios Públicos",http://www.cba.gov.ar/reparticion/ministerio-de-agua-ambiente-y-servicios-publicos-3/secretaria-de-recursos-hidricos-y-coordinacion/direccion-general-de-irrigacion/,
,Director General de Recursos Hídricos,"Ministro de Agua, Ambiente y Servicios Públicos",http://www.cba.gov.ar/reparticion/ministerio-de-agua-ambiente-y-servicios-publicos-3/secretaria-de-recursos-hidricos-y-coordinacion/secretaria-de-desarrollo-energetico/,
Edgar Castelló (A Cargo),Secretario de Desarrollo Energético,"Ministro de Agua, Ambiente y Servicios Públicos",http://www.cba.gov.ar/reparticion/ministerio-de-agua-ambiente-y-servicios-publicos-3/secretaria-de-desarrollo-energetico/,
Sergio Luis Mansur,Director General de Energías Renovables y Comunicación,"Ministro de Agua, Ambiente y Servicios Públicos",http://www.cba.gov.ar/reparticion/ministerio-de-agua-ambiente-y-servicios-publicos-3/secretaria-de-desarrollo-energetico/direccion-general-de-desarrollo-energetico/,http://www.cba.gov.ar/wp-content/4p96humuzp/2012/11/Sergio_Mansur.jpg
Bernardo Bartolomé Heredia,"Director General de Planeamiento, Ejecución y Gerenciamiento de Obras","Ministro de Agua, Ambiente y Servicios Públicos",http://www.cba.gov.ar/reparticion/ministerio-de-agua-ambiente-y-servicios-publicos-3/secretaria-de-desarrollo-energetico/dir-gral-de-infraestructura-y-combustible/,http://www.cba.gov.ar/wp-content/4p96humuzp/2012/05/Bernardo-Heredia.png
Rubén Alberto Borello,Director General de Infraestructra,"Ministro de Agua, Ambiente y Servicios Públicos",http://www.cba.gov.ar/reparticion/ministerio-de-agua-ambiente-y-servicios-publicos-3/secretaria-de-desarrollo-energetico/direccion-general-de-infraestructura/,http://www.cba.gov.ar/wp-content/4p96humuzp/2016/07/borelllo.png
Adrián Rinaudo,Director de Policía Ambiental,"Ministro de Agua, Ambiente y Servicios Públicos",http://www.cba.gov.ar/reparticion/ministerio-de-agua-ambiente-y-servicios-publicos-3/direccion-de-policia-ambiental/,http://www.cba.gov.ar/wp-content/4p96humuzp/2016/03/Director-Adrian-Rinaudo1.png
María Victoria Muccillo,Subdirectora de Policía Ambiental,"Ministro de Agua, Ambiente y Servicios Públicos",http://www.cba.gov.ar/reparticion/ministerio-de-agua-ambiente-y-servicios-publicos-3/direccion-de-policia-ambiental/subdireccion-de-policia-ambiental/,http://www.cba.gov.ar/wp-content/4p96humuzp/2016/03/Subdirectora-Maria-Victoria-Muccillo1.png
Guillermo Mariano Iros,Coordinador del Instituto de Planificación Metropolitana,"Ministro de Agua, Ambiente y Servicios Públicos",http://www.cba.gov.ar/reparticion/ministerio-de-agua-ambiente-y-servicios-publicos-3/instituto-de-planificacion-metropolitana-iplam/,http://www.cba.gov.ar/wp-content/4p96humuzp/2012/05/guillermo-iros.jpg
,Director de Gestión Institucional,"Ministro de Agua, Ambiente y Servicios Públicos",http://www.cba.gov.ar/reparticion/ministerio-de-agua-ambiente-y-servicios-publicos-3/instituto-de-planificacion-metropolitana-iplam/direccion-de-gestion-institucional/,
,Director de Planificación,"Ministro de Agua, Ambiente y Servicios Públicos",http://www.cba.gov.ar/reparticion/ministerio-de-agua-ambiente-y-servicios-publicos-3/instituto-de-planificacion-metropolitana-iplam/direccion-de-planificacion/,
José Ignacio Torno,Director General de Asuntos Legales,"Ministro de Agua, Ambiente y Servicios Públicos",http://www.cba.gov.ar/reparticion/ministerio-de-agua-ambiente-y-servicios-publicos-3/dir-gral-de-asuntos-legales-ministerio-de-agua-ambiente-y-energia/,http://www.cba.gov.ar/wp-content/4p96humuzp/2012/06/José-Torno1.jpg
Gabriel Antonio Testagrossa,Subsecretario de Control y Administración,"Ministro de Agua, Ambiente y Servicios Públicos",http://www.cba.gov.ar/reparticion/ministerio-de-agua-ambiente-y-servicios-publicos-3/subsecretaria-de-control-y-administracion/,http://www.cba.gov.ar/wp-content/4p96humuzp/2016/02/Gabriel-Testagrossa.jpg
Patricio Terrera Woodward,Director General de Administración,"Ministro de Agua, Ambiente y Servicios Públicos",http://www.cba.gov.ar/reparticion/ministerio-de-agua-ambiente-y-servicios-publicos-3/subsecretaria-de-control-y-administracion/dir-gral-administracion-min-agua-ambiente-y-energia/,
Roque Martín Spidalieri,Secretario de Financiamiento,Ministro de Obras Públicas y Financiamiento,http://www.cba.gov.ar/reparticion/ministerio-de-obras-pubicas-y-financiamiento/secretaria-de-financiamiento/,http://www.cba.gov.ar/wp-content/4p96humuzp/2015/12/roque-spedallieri.png
,Subsecretario de Vivienda,Ministro de Obras Públicas y Financiamiento,http://www.cba.gov.ar/reparticion/ministerio-de-obras-pubicas-y-financiamiento/secretaria-de-vivienda/,
Facundo Chacón,Dirección General de Vivienda,Ministro de Obras Públicas y Financiamiento,http://www.cba.gov.ar/reparticion/ministerio-de-obras-pubicas-y-financiamiento/secretaria-de-vivienda/dir-gral-de-vivienda/,
Daniel Eduardo Rey,Secretario de Arquitectura,Ministro de Obras Públicas y Financiamiento,http://www.cba.gov.ar/reparticion/ministerio-de-obras-pubicas-y-financiamiento/secretaria-de-arquitectura/,http://www.cba.gov.ar/wp-content/4p96humuzp/2015/12/Daniel-Eduardo-Rey-Secret.jpg
Jose Maiocco,Director General de Obras,Ministro de Obras Públicas y Financiamiento,http://www.cba.gov.ar/reparticion/ministerio-de-obras-pubicas-y-financiamiento/secretaria-de-arquitectura/dir-gral-de-obras/,
Jose Luis Ferrero,Director General de Proyectos,Ministro de Obras Públicas y Financiamiento,http://www.cba.gov.ar/reparticion/ministerio-de-obras-pubicas-y-financiamiento/secretaria-de-arquitectura/dir-gral-de-arquitectura/,
Omar Clemente Soldano,Subsecretario de Administración,Ministro de Obras Públicas y Financiamiento,http://www.cba.gov.ar/reparticion/ministerio-de-obras-pubicas-y-financiamiento/subsecretaria-de-administracion/,http://www.cba.gov.ar/wp-content/4p96humuzp/2016/03/Omar-Clemente-Soldano-Subsecretario-de-Administracion1.jpg
María Soledad Usín,Directora General de Administración,Ministro de Obras Públicas y Financiamiento,http://www.cba.gov.ar/reparticion/ministerio-de-obras-pubicas-y-financiamiento/subsecretaria-de-administracion/dir-gral-de-administracion/,
 Osvaldo Rubén Vottero,Presidente de la Dirección Provincial de Vialidad,Ministro de Obras Públicas y Financiamiento,http://www.cba.gov.ar/reparticion/ministerio-de-obras-pubicas-y-financiamiento/dir-provincial-de-vialidad/,http://www.cba.gov.ar/wp-content/4p96humuzp/2012/05/Osvaldo-Ruben-Vottero-Presidente-Vialidad-Provincial1.jpg
Leandro Álvaro García,Director General de Coordinación de Obras Públicas,Ministro de Obras Públicas y Financiamiento,http://www.cba.gov.ar/reparticion/ministerio-de-obras-pubicas-y-financiamiento/dir-gral-de-coordinacion-de-obras-publicas/,http://www.cba.gov.ar/wp-content/4p96humuzp/2012/05/Leandro-Álvaro-García-Director-General-de-Coordinación-de-Obras-Públicas1.jpg
 Liliana G. Padró,Directora General de Asuntos Legales,Ministro de Obras Públicas y Financiamiento,http://www.cba.gov.ar/reparticion/ministerio-de-obras-pubicas-y-financiamiento/dir-general-de-asuntos-legales/,http://www.cba.gov.ar/wp-content/4p96humuzp/2012/05/doctora-padro1.jpg
Pablo Javier De Chiara,Secretario de Industria,"Ministro de Industria, Comercio y Minería",http://www.cba.gov.ar/reparticion/ministerio-de-industria-comercio-y-mineria/secretaria-de-industria/,http://www.cba.gov.ar/wp-content/4p96humuzp/2014/02/secretario-de-industria-Pablo-De-Chiara.jpg
Federico Ezequiel Priotti,Director General de Control de la Industria Alimenticia,"Ministro de Industria, Comercio y Minería",http://www.cba.gov.ar/reparticion/ministerio-de-industria-comercio-y-mineria/secretaria-de-industria/direccion-general-de-control-de-la-industria-alimenticia/,http://www.cba.gov.ar/wp-content/4p96humuzp/2015/12/Federico-Priotti.jpg
Víctor Roberto Lutri,Secretario de Comercio,"Ministro de Industria, Comercio y Minería",http://www.cba.gov.ar/reparticion/ministerio-de-industria-comercio-y-mineria/secretaria-de-comercio/,http://www.cba.gov.ar/wp-content/4p96humuzp/2014/02/secretario-de-comercio-Victor-Lutri.jpg
,Director de Defensa del Consumidor y Lealtad Comercial,"Ministro de Industria, Comercio y Minería",http://www.cba.gov.ar/reparticion/ministerio-de-industria-comercio-y-mineria/secretaria-de-comercio/direccion-de-defensa-del-consumidor-y-lealtad-comercial/,
Aldo Antonio Bonalumi,Secretario de Minería,"Ministro de Industria, Comercio y Minería",http://www.cba.gov.ar/reparticion/ministerio-de-industria-comercio-y-mineria/secretaria-de-mineria/,http://www.cba.gov.ar/wp-content/4p96humuzp/2014/02/Secretaria-de-Mineria-Aldo-Bonalumi.jpg
Hugo Bonansea,Secretario de Promoción de Inversiones,"Ministro de Industria, Comercio y Minería",http://www.cba.gov.ar/reparticion/ministerio-de-industria-comercio-y-mineria/secretaria-de-promocion-de-inversiones/,http://www.cba.gov.ar/wp-content/4p96humuzp/2015/12/hugo-bonansea.jpg
Tomás Agustín Grunhaut,Subsecretario de Pequeña y Mediana Empresa,"Ministro de Industria, Comercio y Minería",http://www.cba.gov.ar/reparticion/ministerio-de-industria-comercio-y-mineria/subsecretaria-de-pequena-y-mediana-empresa/,http://www.cba.gov.ar/wp-content/4p96humuzp/2015/12/Tomás-Grunhaut.jpg
Abraham Galo,Subsecretario de Cooperativas y Mutuales,"Ministro de Industria, Comercio y Minería",http://www.cba.gov.ar/reparticion/ministerio-de-industria-comercio-y-mineria/subsecretaria-de-cooperativas-y-mutuales/,http://www.cba.gov.ar/wp-content/4p96humuzp/2015/12/Abraham-Galo.jpg
Ramiro Oscar Herrera,Subsecretario de Administración y Asuntos Legales,"Ministro de Industria, Comercio y Minería",http://www.cba.gov.ar/reparticion/ministerio-de-industria-comercio-y-mineria/subsecretaria-de-administracion-y-asuntos-legales/,
Alfonso Mosquera,Secretario de Seguridad,Ministro de Gobierno,http://www.cba.gov.ar/reparticion/ministerio-de-gobierno/secretaria-de-seguridad-2/,
Lucas Sebastián Mezzano,Director General de Planificación Estratégica de Seguridad,Ministro de Gobierno,http://www.cba.gov.ar/reparticion/ministerio-de-gobierno/secretaria-de-seguridad-2/direccion-general-de-planificacion-estrategica-de-seguridad/,http://www.cba.gov.ar/wp-content/4p96humuzp/2012/07/lucasmezzano1.jpg
Miguel Siciliano,Secretario de Asuntos Institucionales,Ministro de Gobierno,http://www.cba.gov.ar/reparticion/ministerio-de-gobierno/secretaria-de-asuntos-institucionales/,http://www.cba.gov.ar/wp-content/4p96humuzp/2017/12/miguel-siciliano.jpg
Juan Carlos Scotto,Secretario de Asuntos Municipales e Institucionales,Ministro de Gobierno,http://www.cba.gov.ar/reparticion/ministerio-de-gobierno/secretaria-de-asuntos-municipales/,http://www.cba.gov.ar/wp-content/4p96humuzp/2013/12/juan-carlos-scotto1.jpg
Américo Javier Romero Camaño,Director General de Culto y Relaciones Institucionales,Ministro de Gobierno,http://www.cba.gov.ar/reparticion/ministerio-de-gobierno/secretaria-de-asuntos-municipales/direccion-general-de-culto-y-relaciones-institucionales/,
Claudio Severino Vignetta,Secretario de Gestión de Riesgo Climático y Catástrofes,Ministro de Gobierno,http://www.cba.gov.ar/reparticion/ministerio-de-gobierno/secretaria-de-gestion-de-riesgo-climatico-y-catastrofes/,http://www.cba.gov.ar/wp-content/4p96humuzp/2015/12/Claudio-Vignetta.jpg
,Seguridad Náutica,Ministro de Gobierno,http://www.cba.gov.ar/reparticion/ministerio-de-gobierno/secretaria-de-gestion-de-riesgo-climatico-y-catastrofes/direccion-general-de-seguridad-nautica/,
,Secretario de Seguridad Ciudadana,Ministro de Gobierno,http://www.cba.gov.ar/reparticion/ministerio-de-gobierno/secretaria-de-seguridad/,
Rody Wilson Guerreiro,Presidente del Consejo de Seguridad Deportiva Provincial,Ministro de Gobierno,http://www.cba.gov.ar/reparticion/ministerio-de-gobierno/secretaria-de-seguridad/presidente-del-consejo-de-seguridad-deportiva-provincial/,http://www.cba.gov.ar/wp-content/4p96humuzp/2012/06/rody-guerreiro.jpg
Carlos Tomás Alesandri,Secretario de Integración Regional y Relaciones Internacionales,Ministro de Gobierno,http://www.cba.gov.ar/reparticion/ministerio-de-gobierno/secretaria-de-integracion-regional-y-relaciones-internacionales/,http://www.cba.gov.ar/wp-content/4p96humuzp/2016/02/carlos-alesandri.jpg
Oscar Arias,Secretario de Desarrollo de Políticas Comunitarias,Ministro de Gobierno,http://www.cba.gov.ar/reparticion/ministerio-de-gobierno/secretaria-de-desarrollo-de-politicas-comunitarias/,http://www.cba.gov.ar/wp-content/4p96humuzp/2017/02/arias.jpg
Daniel Alejandro Pastorino,Subsecretario de Tecnología de Información y Comunicaciones,Ministro de Gobierno,http://www.cba.gov.ar/reparticion/ministerio-de-gobierno/subsecretaria-de-tecnologia-de-informacion-y-comunicaciones/,http://www.cba.gov.ar/wp-content/4p96humuzp/2015/12/pastorino-TIC1.jpg
Sebastián Roberto Serrano,Subsecretario de Gestión Administrativa,Ministro de Gobierno,http://www.cba.gov.ar/reparticion/ministerio-de-gobierno/subsecretaria-de-gestion-administrativa/,http://www.cba.gov.ar/wp-content/4p96humuzp/2015/12/serrano-secretario-gestion-administrativa1.jpg
Graciela Avellaneda,Directora General de Administración,Ministro de Gobierno,http://www.cba.gov.ar/reparticion/ministerio-de-gobierno/subsecretaria-de-gestion-administrativa/dir-gral-de-administracion/,http://www.cba.gov.ar/wp-content/4p96humuzp/2012/06/Avellaneda.jpg
Ana María Becerra,Presidente del Tribunal de Conducta Policial y Penitenciario,Ministro de Gobierno,http://www.cba.gov.ar/reparticion/ministerio-de-gobierno/tribunal-de-conducta-policial/,http://www.cba.gov.ar/wp-content/4p96humuzp/2012/06/anaBECERRA200x150.jpg
Miguel Angel Rizzotti,Director General de Prevención de Accidentes de Tránsito,Ministro de Gobierno,http://www.cba.gov.ar/reparticion/ministerio-de-gobierno/direccion-general-de-prevencion-de-accidentes-de-transito/,
Gustavo Vélez,Jefe de Policía,Ministro de Gobierno,http://www.cba.gov.ar/reparticion/ministerio-de-gobierno/policia-de-la-provincia/,http://www.cba.gov.ar/wp-content/4p96humuzp/2012/06/jefe-de-policia-velez.jpg
Gerardo García,Fiscal Adjunto,Fiscal de Estado,http://www.cba.gov.ar/reparticion/fiscalia-de-estado/fiscalia-de-estado-adjunto-2/,http://www.cba.gov.ar/wp-content/4p96humuzp/2014/05/gerardo-garcia.jpg
María Soledad Gutíerrez,Fiscal Adjunta,Fiscal de Estado,http://www.cba.gov.ar/reparticion/fiscalia-de-estado/fiscalia-de-estado-adjunto/,http://www.cba.gov.ar/wp-content/4p96humuzp/2012/05/gutierrez.jpg
Ferrero Horacio,Secretario Relator,Fiscal de Estado,http://www.cba.gov.ar/reparticion/fiscalia-de-estado/fiscalia-de-estado-adjunto/secretario-relator/,http://www.cba.gov.ar/wp-content/4p96humuzp/2012/05/horacioferrero3.jpg
Diego Sebastián Llamas Barud,Secretario Relator,Fiscal de Estado,http://www.cba.gov.ar/reparticion/fiscalia-de-estado/fiscalia-de-estado-adjunto/secretario-relator-2/,http://www.cba.gov.ar/wp-content/4p96humuzp/2012/05/Llamas-Barud.jpg
María Eugenia Heredia,Secretaria Relator,Fiscal de Estado,http://www.cba.gov.ar/reparticion/fiscalia-de-estado/fiscalia-de-estado-adjunto/secretario-relator-3/,http://www.cba.gov.ar/wp-content/4p96humuzp/2012/05/María-Eugenia-Heredia1.jpg
Pablo Juan María Reyna,Procurador del Tesoro,Fiscal de Estado,http://www.cba.gov.ar/reparticion/fiscalia-de-estado/procuracion-del-tesoro/,http://www.cba.gov.ar/wp-content/4p96humuzp/2012/05/reyna.jpg
Leticia Valeria Aguirre,Director General Asuntos Judiciales,Fiscal de Estado,http://www.cba.gov.ar/reparticion/fiscalia-de-estado/procuracion-del-tesoro/dir-gral-asuntos-judiciales/,
Mariana Beatriz Miseta,Director General de Asuntos Judiciales del Interior,Fiscal de Estado,http://www.cba.gov.ar/reparticion/fiscalia-de-estado/procuracion-del-tesoro/direccion-general-de-asuntos-judiciales-del-interio/,
Carola Camps,Subsecretaria de Coordinación,Fiscal de Estado,http://www.cba.gov.ar/reparticion/fiscalia-de-estado/subsecretaria-de-coordinacion/,http://www.cba.gov.ar/wp-content/4p96humuzp/2012/05/carolacamps2.jpg
Fernando Pesci,Subsecretario Legal y Técnica,Fiscal de Estado,http://www.cba.gov.ar/reparticion/fiscalia-de-estado/subsecretaria-legal-y-tecnica/,http://www.cba.gov.ar/wp-content/4p96humuzp/2012/05/pesci.jpg
Eduardo Octavio Figueroa,Director General de Despacho,Fiscal de Estado,http://www.cba.gov.ar/reparticion/fiscalia-de-estado/subsecretaria-legal-y-tecnica/direccion-general-de-despacho/,
María Amelia Assaad,Escribana General de Gobierno,Fiscal de Estado,http://www.cba.gov.ar/reparticion/fiscalia-de-estado/escribania-general-de-gobierno/,http://www.cba.gov.ar/wp-content/4p96humuzp/2012/05/maria-amelia-assaad.jpg
Julia Olga Núñez,Escribana Sustituta de Gobierno,Fiscal de Estado,http://www.cba.gov.ar/reparticion/fiscalia-de-estado/escribania-general-de-gobierno/escribania-sustituta/,http://www.cba.gov.ar/wp-content/4p96humuzp/2012/05/Julia-Olga.jpg
Gerardo García,Director de la Escuela de Abogados del Estado (ad honorem),Fiscal de Estado,http://www.cba.gov.ar/reparticion/fiscalia-de-estado/direccion-de-escuela-de-abogados-del-estado/,http://www.cba.gov.ar/wp-content/4p96humuzp/2014/05/gerardo-garcia.jpg
Mónica Silvia Zornberg,Secretaria de Administración Financiera,Ministro de Finanzas,http://www.cba.gov.ar/reparticion/ministerio-de-finanzas/secretaria-de-administracion-financiera/,http://www.cba.gov.ar/wp-content/4p96humuzp/2012/05/monica-silvia-zornberg.jpg
Daniela Yanina Rodolfi Tuzinkevicz,Contadora General de la Provincia,Ministro de Finanzas,http://www.cba.gov.ar/reparticion/ministerio-de-finanzas/secretaria-de-administracion-financiera/contaduria-gral-de-la-provincia/,http://www.cba.gov.ar/wp-content/4p96humuzp/2012/05/daniela-rodolfi-tuzinkevic.jpg
María Gimena Domenella,Directora General de Compras y Contrataciones,Ministro de Finanzas,http://www.cba.gov.ar/reparticion/ministerio-de-finanzas/secretaria-de-administracion-financiera/direccion-general-de-compras-y-contrataciones/,http://www.cba.gov.ar/wp-content/4p96humuzp/2015/12/maria-gimena-domenella.jpg
Elida Cristina Ruiz,Directora General de Presupuesto e Inversiones Públicas,Ministro de Finanzas,http://www.cba.gov.ar/reparticion/ministerio-de-finanzas/secretaria-de-administracion-financiera/dir-gral-presupuesto-e-inversiones-publicas/,http://www.cba.gov.ar/wp-content/4p96humuzp/2012/05/cristina-ruiz.jpg
Armando Guillermo García,Director General Tesorería General y Crédito Público,Ministro de Finanzas,http://www.cba.gov.ar/reparticion/ministerio-de-finanzas/secretaria-de-administracion-financiera/dir-gral-tesoreria-general-y-credito-publico/,http://www.cba.gov.ar/wp-content/4p96humuzp/2012/05/armando-guillermo-garcia.jpg
Franco Carlos Boneu,Secretario de Innovación y Modernización,Ministro de Finanzas,http://www.cba.gov.ar/reparticion/ministerio-de-finanzas/secretaria-de-innovacion-y-modernizacion/,http://www.cba.gov.ar/wp-content/4p96humuzp/2015/12/franco-carlos-boneu.jpg
Daniel Alejandro Gómez,Subsecretario de Tecnologías de la Información,Ministro de Finanzas,http://www.cba.gov.ar/reparticion/ministerio-de-finanzas/secretaria-de-innovacion-y-modernizacion/subsecretaria-de-tecnologias-informaticas-y-telecomunicaciones/,
Mariano Martín Méndez,Secretario Legal y Técnica y de Previsión Social,Ministro de Finanzas,http://www.cba.gov.ar/reparticion/ministerio-de-finanzas/secretaria-legal-y-tecnica-y-de-prevision-social/,http://www.cba.gov.ar/wp-content/4p96humuzp/2015/12/Mariano-Mendez-Presidencia-Caja.png
Micaela Vanesa Speranza Bejas,Directora General de Coordinación Operativa,Ministro de Finanzas,http://www.cba.gov.ar/reparticion/ministerio-de-finanzas/secretaria-legal-y-tecnica-y-de-prevision-social/direccion-general-de-coordinacion-operativa/,http://www.cba.gov.ar/wp-content/4p96humuzp/2015/12/micaela-vanesa-speranza.jpg
Verónica Gabriela Sanz,Directora General de Inspección de Personas Jurídicas,Ministro de Finanzas,http://www.cba.gov.ar/reparticion/ministerio-de-finanzas/secretaria-legal-y-tecnica-y-de-prevision-social/direccion-general-de-sociedades-juridicas-ministerio-de-justicia-y-derechos-humanos/,http://www.cba.gov.ar/wp-content/4p96humuzp/2012/06/veronica-sanz.png
María Laura García,Subsecretaria de Estudios Económicos,Ministro de Finanzas,http://www.cba.gov.ar/reparticion/ministerio-de-finanzas/secretaria-legal-y-tecnica-y-de-prevision-social/subsecretaria-de-estudios-economicos/,http://www.cba.gov.ar/wp-content/4p96humuzp/2015/12/maria-laura-garcia.jpg
Heber Farfán,Secretario de Ingresos Públicos,Ministro de Finanzas,http://www.cba.gov.ar/reparticion/ministerio-de-finanzas/secretaria-de-ingresos-publicos/,http://www.cba.gov.ar/wp-content/4p96humuzp/2012/05/heber-farfan.jpg
Sebastián Perlati,Dirección de Asesoría Fiscal,Ministro de Finanzas,http://www.cba.gov.ar/reparticion/ministerio-de-finanzas/secretaria-de-ingresos-publicos/dir-gral-de-asesoria-fiscal/,
Mónica Alejandra Farfán,Directora del Registro General de la Provincia,Ministro de Finanzas,http://www.cba.gov.ar/reparticion/ministerio-de-finanzas/secretaria-de-ingresos-publicos/dir-gral-del-registro-gral-de-la-provincia/,http://www.cba.gov.ar/wp-content/4p96humuzp/2012/05/monica-alejandra-farfan.jpg
Gustavo Marcelo García,Director General de Catastro,Ministro de Finanzas,http://www.cba.gov.ar/reparticion/ministerio-de-finanzas/secretaria-de-ingresos-publicos/dir-gral-de-catastro/,http://www.cba.gov.ar/wp-content/4p96humuzp/2012/05/gustavo-marcelo-garcia.jpg
Heber Farfán (A cargo),Director General de Rentas ,Ministro de Finanzas,http://www.cba.gov.ar/reparticion/ministerio-de-finanzas/secretaria-de-ingresos-publicos/dir-gral-de-rentas/,http://www.cba.gov.ar/wp-content/4p96humuzp/2012/05/heber-farfan.jpg
Adrián Alberto Daniele,Fiscalía Tributaria Adjunta ,Ministro de Finanzas,http://www.cba.gov.ar/reparticion/ministerio-de-finanzas/secretaria-de-ingresos-publicos/fiscalia-tributaria-adjunta/,http://www.cba.gov.ar/wp-content/4p96humuzp/2012/05/adrian-alberto-daniele.jpg
Adolfo Bringas,Director de Policía Fiscal,Ministro de Finanzas,http://www.cba.gov.ar/reparticion/ministerio-de-finanzas/secretaria-de-ingresos-publicos/direccion-de-policia-fiscal/,
,Presidente del Consejo Provincial de Planificación Estratégica (COPEC),Ministro de Finanzas,http://www.cba.gov.ar/reparticion/ministerio-de-finanzas/consejo-provincial-de-planificacion-estrategica-copec/,
Deborah Petrakovsky,Secretaria de Coordinación y Acción Social,Ministro de Desarrollo Social,http://www.cba.gov.ar/reparticion/ministerio-de-desarrollo-social/secretaria-de-coordinacion-y-accion-social/,http://www.cba.gov.ar/wp-content/4p96humuzp/2017/02/Debora.jpg
Julieta Aquino,Subsecretaria de Programas Sociales,Ministro de Desarrollo Social,http://www.cba.gov.ar/reparticion/ministerio-de-desarrollo-social/secretaria-de-coordinacion-y-accion-social/subsecretaria-de-programas-sociales/,http://www.cba.gov.ar/wp-content/4p96humuzp/2018/03/Aquino.jpg
Ramón Bernabey,Subsecretario de Programas Regionales,Ministro de Desarrollo Social,http://www.cba.gov.ar/reparticion/ministerio-de-desarrollo-social/secretaria-de-coordinacion-y-accion-social/subsecretaria-de-programas-regionales/,
José Miguel Angulo Bocco,Director General de Habitat ,Ministro de Desarrollo Social,http://www.cba.gov.ar/reparticion/ministerio-de-desarrollo-social/secretaria-de-coordinacion-y-accion-social/direccion-general-de-habitat-social/,http://www.cba.gov.ar/wp-content/4p96humuzp/2016/01/Angulo-foto-nueva.jpg
Olga Beatriz Ghione,Directora General de Programas Especiales,Ministro de Desarrollo Social,http://www.cba.gov.ar/reparticion/ministerio-de-desarrollo-social/secretaria-de-coordinacion-y-accion-social/direccion-general-de-programas-especiales/,http://www.cba.gov.ar/wp-content/4p96humuzp/2016/01/Ghione.jpg
Raúl La Cava,Secretario de Políticas Sociales,Ministro de Desarrollo Social,http://www.cba.gov.ar/reparticion/ministerio-de-desarrollo-social/secretaria-de-politicas-sociales/,http://www.cba.gov.ar/wp-content/4p96humuzp/2012/05/la_cava.jpg
Eduardo Serrano,Director General de Emergencias Sociales,Ministro de Desarrollo Social,http://www.cba.gov.ar/reparticion/ministerio-de-desarrollo-social/secretaria-de-politicas-sociales/dir-gral-de-emergencias-sociales/,http://www.cba.gov.ar/wp-content/4p96humuzp/2012/05/Serreno.jpg
Patricia Mojica,Secretaria de Políticas para Personas Mayores,Ministro de Desarrollo Social,http://www.cba.gov.ar/reparticion/ministerio-de-desarrollo-social/secretaria-de-politicas-para-personas-mayores/,http://www.cba.gov.ar/wp-content/4p96humuzp/2016/01/Olga-Ghione.jpg
Sergio Cornejo,Subsecretario de Inclusión Social,Ministro de Desarrollo Social,http://www.cba.gov.ar/reparticion/ministerio-de-desarrollo-social/secretaria-de-inclusion-social/,http://www.cba.gov.ar/wp-content/4p96humuzp/2012/05/cornejo.jpg
Nélida Orioli,Directora General de Adultos Mayores,Ministro de Desarrollo Social,http://www.cba.gov.ar/reparticion/ministerio-de-desarrollo-social/secretaria-de-inclusion-social/direccion-general-de-adultos-mayores/,http://www.cba.gov.ar/wp-content/4p96humuzp/2016/01/Orioli.jpg
 Alejandro Mario Francesconi,Subsecretaria de Administración y Recursos Humanos,Ministro de Desarrollo Social,http://www.cba.gov.ar/reparticion/ministerio-de-desarrollo-social/subsecretaria-de-administracion-y-recursos-humanos/,
Sebastián Pablo Cornaglia,Director General de Asuntos Legales,Ministro de Desarrollo Social,http://www.cba.gov.ar/reparticion/ministerio-de-desarrollo-social/subsecretaria-de-administracion-y-recursos-humanos/dir-gral-de-asuntos-legales/,http://www.cba.gov.ar/wp-content/4p96humuzp/2012/05/cornaglia-foto-nuevo.jpg
Esther Galina,Secretaria de Gestión en Ciencia y Tecnología,Ministro de Ciencia y Tecnología,http://www.cba.gov.ar/reparticion/ministerio-de-ciencia-y-tecnologia/secretaria-de-gestion-en-ciencia-y-tecnologia/,
Alberto Francisco Daghero,"Secretario de Políticas y Estrategias en Ciencias, Tecnología y Sociedad",Ministro de Ciencia y Tecnología,http://www.cba.gov.ar/reparticion/ministerio-de-ciencia-y-tecnologia/secretaria-de-politicas-y-estrategias-en-ciencias-tecnologia-y-sociedad/,
Laura Mema Piccione,Directora General de Coordinación Técnica y Administrativa,Ministro de Ciencia y Tecnología,http://www.cba.gov.ar/reparticion/ministerio-de-ciencia-y-tecnologia/direccion-general-de-coordinacion-tecnica-y-administrativa/,http://www.cba.gov.ar/wp-content/4p96humuzp/2014/04/memalaura.jpg
Mario Buteler,Director de Innovación Científica Tecnológica,Ministro de Ciencia y Tecnología,http://www.cba.gov.ar/reparticion/ministerio-de-ciencia-y-tecnologia/direccion-de-innovacion/,http://www.cba.gov.ar/wp-content/4p96humuzp/2012/10/Mario_Buteler.jpg
,Director de Promoción de Actividades Científicas,Ministro de Ciencia y Tecnología,http://www.cba.gov.ar/reparticion/ministerio-de-ciencia-y-tecnologia/direccion-de-promocion-de-actividades-cientificas/,
Victoria Rosati,Directora de Vinculación Institucional y Sectorial,Ministro de Ciencia y Tecnología,http://www.cba.gov.ar/reparticion/ministerio-de-ciencia-y-tecnologia/direccion-de-vinculacion-institucional-y-sectorial/,http://www.cba.gov.ar/wp-content/4p96humuzp/2012/10/Victoria_Rosati.jpg
María José Viola,Directora de Divulgación y Enseñanza de las Ciencias,Ministro de Ciencia y Tecnología,http://www.cba.gov.ar/reparticion/ministerio-de-ciencia-y-tecnologia/direccion-de-divulgacion-y-ensenanza-de-las-ciencias/,http://www.cba.gov.ar/wp-content/4p96humuzp/2012/11/maria-jose-viola.jpg
Franco Hernán Mogetta Prevedello,Secretario de Trabajo y Relaciones Laborales,Ministro de Trabajo,http://www.cba.gov.ar/reparticion/ministerio-de-trabajo/secretaria-de-trabajo-y-relaciones-laborales/,http://www.cba.gov.ar/wp-content/4p96humuzp/2015/12/Franco-Hernán-Mogetta-Preve.jpg
Roberto Luis Reale,"Subsecretario Legal, Técnico y de Coordinación Administrativa",Ministro de Trabajo,http://www.cba.gov.ar/reparticion/ministerio-de-trabajo/subsecretaria-legal-tecnico-y-de-coordinacion-administrativa/,http://www.cba.gov.ar/wp-content/4p96humuzp/2015/12/Roberto-Luis-Reale.jpg
Elizabeth Verónica Bianchi,"Directora General de Relaciones Laborales, Higiene, Seguridad e Inspección del Trabajo",Ministro de Trabajo,http://www.cba.gov.ar/reparticion/ministerio-de-trabajo/direccion-general-de-relaciones-laborales-higiene-seguridad-e-inspeccion-del-trabajo/,http://www.cba.gov.ar/wp-content/4p96humuzp/2015/12/Elizabeth-Bianchi.jpg
Lucas Sebastián Giorgi,Director Provincial de Trabajo Agrario y Asuntos Rurales,Ministro de Trabajo,http://www.cba.gov.ar/reparticion/ministerio-de-trabajo/direccion-provincial-de-trabajo-agrario-y-asuntos-rurales/,http://www.cba.gov.ar/wp-content/4p96humuzp/2016/03/Lucas-Giorgi.jpg
Mario Flores Fernández,Asesor del Ministro,Ministro de Trabajo,http://www.cba.gov.ar/reparticion/ministerio-de-trabajo/asesor-del-ministro/,http://www.cba.gov.ar/wp-content/4p96humuzp/2016/04/Mario-Flores-Fernández.jpg
Marcelo Botta,Presidente,Presidente,http://www.cba.gov.ar/reparticion/ministerio-de-inversion-y-financiamiento/agencia-cordoba-inversiones-y-financiamiento-sem/,http://www.cba.gov.ar/wp-content/4p96humuzp/2014/07/botta.jpg
,Director General de Ceremonial y Audiencias,Secretaria ,http://www.cba.gov.ar/reparticion/secretaria-privada-del-poder-ejecutivo/direccion-general-de-ceremonial-y-audiencias/,
Julieta Aquino,Directora General de Coordinación y Recursos Humano,Secretaria ,http://www.cba.gov.ar/reparticion/secretaria-privada-del-poder-ejecutivo/direccion-general-de-coordinacion-y-recursos-humano/,
Jorge Marcotegui,Presidente Agencia ProCórdoba,Presidente Agencia ProCórdoba,http://www.cba.gov.ar/reparticion/agencia-pro-cordoba/,http://www.cba.gov.ar/wp-content/4p96humuzp/2012/08/marcotegui.jpg
Alejandra Torres,Secretaria de Planeamiento y Modernización,Secretaria de Planeamiento y Modernización,http://www.cba.gov.ar/reparticion/secretaria-de-planeamiento-y-modernizacion/,http://www.cba.gov.ar/wp-content/4p96humuzp/2016/09/alejandra-torres.jpg
Manuel Calvo,Secretario de Comunicaciones y Conectividad,Secretario de Comunicaciones y Conectividad,http://www.cba.gov.ar/reparticion/secretaria-de-comunicaciones-y-conectividad/,http://www.cba.gov.ar/wp-content/4p96humuzp/2018/02/calvo1.png
Laura Jure,Secretaria de Equidad y Promoción del Empleo,Secretaria de Equidad y Promoción del Empleo,http://www.cba.gov.ar/reparticion/secretaria-de-equidad-y-promocion-del-empleo/,http://www.cba.gov.ar/wp-content/4p96humuzp/2015/12/laura-jure.png
Silvina Rivero,Secretaria General de la Gobernación,Secretaria General de la Gobernación,http://www.cba.gov.ar/reparticion/secretaria-general-de-la-gobernacion/,http://www.cba.gov.ar/wp-content/4p96humuzp/2012/05/silvinarivero200x150.jpg
Francisco José Fortuna,Ministro de Salud,Ministro de Salud,http://www.cba.gov.ar/reparticion/ministerio-de-salud/,http://www.cba.gov.ar/wp-content/4p96humuzp/2012/05/Francisco-Fortuna.jpg
Luis Angulo,Ministro de Justicia y Derechos Humanos,Ministro de Justicia y Derechos Humanos,http://www.cba.gov.ar/reparticion/ministerio-de-justicia-y-derechos-humanos/,http://www.cba.gov.ar/wp-content/4p96humuzp/2012/06/Luis-Angulo.jpg
Mario César Cuneo,Presidente de la Agencia Córdoba Innovar y Emprender,Presidente de la Agencia Córdoba Innovar y Emprender,http://www.cba.gov.ar/reparticion/agencia-cordoba-innovar-y-emprender/,http://www.cba.gov.ar/wp-content/4p96humuzp/2016/07/mario-cuneo.png
Robert Rodrigo Rossotto,Director General,Presidente Agencia ProCórdoba,http://www.cba.gov.ar/reparticion/agencia-pro-cordoba/direccion-general/,http://www.cba.gov.ar/wp-content/4p96humuzp/2012/08/RobertRodrigoRossotto1.jpg
Alejandro Agustín Vespasiani,Secretario de Coordinación de Proyectos de Modernización,Secretaria de Planeamiento y Modernización,http://www.cba.gov.ar/reparticion/secretaria-de-planeamiento-y-modernizacion/secretaria-de-coordinacion-de-proyectos-de-modernizacion-2/,http://www.cba.gov.ar/wp-content/4p96humuzp/2018/02/vespasiani.jpg
Gustavo Zamudio,Secretario de Prensa,Secretario de Comunicaciones y Conectividad,http://www.cba.gov.ar/reparticion/secretaria-de-comunicaciones-y-conectividad/secretaria-de-prensa-y-difusion/,
 César Eduardo Jaimez,Director General de Prensa,Secretario de Comunicaciones y Conectividad,http://www.cba.gov.ar/reparticion/secretaria-de-comunicaciones-y-conectividad/secretaria-de-prensa-y-difusion/direccion-general-de-prensa/,http://www.cba.gov.ar/wp-content/4p96humuzp/2015/12/cesar-jaime.jpg
Soledad Baldacci,Subsecretaria de Contenidos Digitales,Secretario de Comunicaciones y Conectividad,http://www.cba.gov.ar/reparticion/secretaria-de-comunicaciones-y-conectividad/subsecretaria-de-contenidos-digitales/,http://www.cba.gov.ar/wp-content/4p96humuzp/2018/02/Soledad.jpg
Carlos Alejandro Arzú,Subsecretario de Difusión,Secretario de Comunicaciones y Conectividad,http://www.cba.gov.ar/reparticion/secretaria-de-comunicaciones-y-conectividad/subsecretario-de-difusion/,
Ignacio Gei,Subsecretario de Telecomunicaciones,Secretario de Comunicaciones y Conectividad,http://www.cba.gov.ar/reparticion/secretaria-de-comunicaciones-y-conectividad/subsecretaria-de-telecomunicaciones/,http://www.cba.gov.ar/wp-content/4p96humuzp/2018/02/ignacio-gei.jpg
Manuel Grahovac,Director General de Integración y Planeamiento,Secretario de Comunicaciones y Conectividad,http://www.cba.gov.ar/reparticion/secretaria-de-comunicaciones-y-conectividad/subsecretaria-de-telecomunicaciones/direccion-general-de-integracion-y-planeamiento/,http://www.cba.gov.ar/wp-content/4p96humuzp/2018/03/Manuel-Grahovac.jpg
Mauricio Gabriel Bísaro,Director General de Operaciones,Secretario de Comunicaciones y Conectividad,http://www.cba.gov.ar/reparticion/secretaria-de-comunicaciones-y-conectividad/subsecretaria-de-telecomunicaciones/direccion-general-de-operaciones/,http://www.cba.gov.ar/wp-content/4p96humuzp/2018/02/bisaro3.jpg
Gabriel Ignacio Roberi,Subsecretario de Articulación y Control de Gestión,Secretario de Comunicaciones y Conectividad,http://www.cba.gov.ar/reparticion/secretaria-de-comunicaciones-y-conectividad/subsecretaria-de-articulacion-y-control-de-gestion/,http://www.cba.gov.ar/wp-content/4p96humuzp/2018/02/gabriel-robieri1.jpg
Manuel Esnaola,Director General de Planeamiento y Relaciones Institucionales,Secretario de Comunicaciones y Conectividad,http://www.cba.gov.ar/reparticion/secretaria-de-comunicaciones-y-conectividad/subsecretaria-de-articulacion-y-control-de-gestion/direccion-general-de-planeamiento-y-relaciones-institucionales/,http://www.cba.gov.ar/wp-content/4p96humuzp/2018/03/esnaola.jpg
 Ana Carolina Comba,Directora General de Administración,Secretario de Comunicaciones y Conectividad,http://www.cba.gov.ar/reparticion/secretaria-de-comunicaciones-y-conectividad/direccion-general-de-administracion/,http://www.cba.gov.ar/wp-content/4p96humuzp/2012/05/Ana-Carolina-Comba-Direct.jpg
Valeria Liliana Brain,Directora General de Asuntos Legales,Secretario de Comunicaciones y Conectividad,http://www.cba.gov.ar/reparticion/secretaria-de-comunicaciones-y-conectividad/direccion-general-de-asuntos-legales/,http://www.cba.gov.ar/wp-content/4p96humuzp/2018/02/brian.jpg
Carolina del Valle Basualdo,Secretaria de Equidad,Secretaria de Equidad y Promoción del Empleo,http://www.cba.gov.ar/reparticion/secretaria-de-equidad-y-promocion-del-empleo/secretaria-de-equidad/,http://www.cba.gov.ar/wp-content/4p96humuzp/2015/12/Carolina-Basualdo.png
Inés María Zinny ,Directora General de Coordinación de Salas Cuna,Secretaria de Equidad y Promoción del Empleo,http://www.cba.gov.ar/reparticion/secretaria-de-equidad-y-promocion-del-empleo/secretaria-de-equidad/direccion-general-de-coordinacion-de-salas-cuna/,http://www.cba.gov.ar/wp-content/4p96humuzp/2015/12/Inés-Zinny-1.png
María Victoria Moncada,Directora General de Coordinación del Programa Córdoba con Ellas,Secretaria de Equidad y Promoción del Empleo,http://www.cba.gov.ar/reparticion/secretaria-de-equidad-y-promocion-del-empleo/secretaria-de-equidad/direccion-general-de-coordinacion-del-programa-cordoba-con-ellas/,http://www.cba.gov.ar/wp-content/4p96humuzp/2015/12/Victoria-Moncada-1.png
Miguel Pedro Civallero,Secretario de Promoción del Empleo,Secretaria de Equidad y Promoción del Empleo,http://www.cba.gov.ar/reparticion/secretaria-de-equidad-y-promocion-del-empleo/secretaria-de-promocion-del-empleo/,http://www.cba.gov.ar/wp-content/4p96humuzp/2015/12/Miguel-Civallero-1.png
María Soledad Ferraro,Subsecretaria de Formación Profesional y Capacitación Laboral,Secretaria de Equidad y Promoción del Empleo,http://www.cba.gov.ar/reparticion/secretaria-de-equidad-y-promocion-del-empleo/secretaria-de-promocion-del-empleo/subsecretaria-de-formacion-profesional-y-capacitacion-laboral/,http://www.cba.gov.ar/wp-content/4p96humuzp/2018/03/Ferraro-NUEVO.jpg
 Dante Nicolás Quaglia,Director General de Promoción del Empleo,Secretaria de Equidad y Promoción del Empleo,http://www.cba.gov.ar/reparticion/secretaria-de-equidad-y-promocion-del-empleo/secretaria-de-promocion-del-empleo/direccion-general-de-promocion-del-empleo/,http://www.cba.gov.ar/wp-content/4p96humuzp/2018/03/QUAGLIA-NUEVA.jpg
Germán Adolfo Bossa,Director General de Análisis de Indicadores Socio-laborales y Promoción del Empleo,Secretaria de Equidad y Promoción del Empleo,http://www.cba.gov.ar/reparticion/secretaria-de-equidad-y-promocion-del-empleo/secretaria-de-promocion-del-empleo/direccion-general-de-analisis-de-indicadores-socio-laborales-y-promocion-del-empleo/,http://www.cba.gov.ar/wp-content/4p96humuzp/2015/12/Germán-Bossa-1.png
Carlos Mariano Lorenzo,Director General de Promoción Territorial,Secretaria de Equidad y Promoción del Empleo,http://www.cba.gov.ar/reparticion/secretaria-de-equidad-y-promocion-del-empleo/secretaria-de-promocion-del-empleo/direccion-general-de-promocion-territorial/,http://www.cba.gov.ar/wp-content/4p96humuzp/2016/03/Mariano-Lorenzo-1.png
Luis Leonardo Limia,Subsecretario de Participación Comunitaria,Secretaria de Equidad y Promoción del Empleo,http://www.cba.gov.ar/reparticion/secretaria-de-equidad-y-promocion-del-empleo/subsecretaria-de-participacion-comunitaria/,http://www.cba.gov.ar/wp-content/4p96humuzp/2015/12/Leonardo-Limia.png
Marcos Darsie,Director General Banco de la Gente,Secretaria de Equidad y Promoción del Empleo,http://www.cba.gov.ar/reparticion/secretaria-de-equidad-y-promocion-del-empleo/direccion-general-banco-de-la-gente/,http://www.cba.gov.ar/wp-content/4p96humuzp/2017/12/Marcos-Darsie.png
Silvio Rodolfo Conturso,Director General de Administración,Secretaria de Equidad y Promoción del Empleo,http://www.cba.gov.ar/reparticion/secretaria-de-equidad-y-promocion-del-empleo/direccion-general-de-administracion/,http://www.cba.gov.ar/wp-content/4p96humuzp/2018/01/Rodolfo-Conturso.png
Gerardo Cámara,Director General de Asuntos Legales,Secretaria de Equidad y Promoción del Empleo,http://www.cba.gov.ar/reparticion/secretaria-de-equidad-y-promocion-del-empleo/direccion-general-de-asuntos-legales/,http://www.cba.gov.ar/wp-content/4p96humuzp/2018/01/Gerado-Cámara.png
Alfredo Altamirano,Director de la Unidad Ejecutora del Programa de Desarrollo del Norte y Oeste Cordobés,Secretaria de Equidad y Promoción del Empleo,http://www.cba.gov.ar/reparticion/secretaria-de-equidad-y-promocion-del-empleo/unidad-ejecutora-del-programa-de-desarrollo-del-norte-y-oeste-cordobes/,http://www.cba.gov.ar/wp-content/4p96humuzp/2016/03/Alfredo-Altamirano-1.png
Débora Mariano,Directora de la Unidad Ejecutora del Plan Por la Flia,Secretaria de Equidad y Promoción del Empleo,http://www.cba.gov.ar/reparticion/secretaria-de-equidad-y-promocion-del-empleo/unidad-ejecutora-del-plan-por-la-flia/,http://www.cba.gov.ar/wp-content/4p96humuzp/2018/01/Débora-Mariano.png
Julio César Comello,Secretario de Coordinación de la Secretaría General de la Gobernación,Secretaria General de la Gobernación,http://www.cba.gov.ar/reparticion/secretaria-general-de-la-gobernacion/secretaria-de-coordinacion-de-la-secretaria-general-de-la-gobernacion/,http://www.cba.gov.ar/wp-content/4p96humuzp/2012/05/comello2.jpg
Silvana Castellano,Directora General de Administración,Secretaria General de la Gobernación,http://www.cba.gov.ar/reparticion/secretaria-general-de-la-gobernacion/secretaria-de-coordinacion-de-la-secretaria-general-de-la-gobernacion/direccion-general-de-administracion/,http://www.cba.gov.ar/wp-content/4p96humuzp/2015/12/silvana-castellano1.jpg
Lorena Zanón Argenti,Directora General de Coordinación Operativa,Secretaria General de la Gobernación,http://www.cba.gov.ar/reparticion/secretaria-general-de-la-gobernacion/secretaria-de-coordinacion-de-la-secretaria-general-de-la-gobernacion/direccion-general-de-coordinacion-operativa/,http://www.cba.gov.ar/wp-content/4p96humuzp/2015/12/lorena-zanon1.jpg
Claudia Mabel Oliva,Directora General del Programa de Asistencia Integral de Córdoba (P.A.iCor),Secretaria General de la Gobernación,http://www.cba.gov.ar/reparticion/secretaria-general-de-la-gobernacion/secretaria-de-coordinacion-de-la-secretaria-general-de-la-gobernacion/direccion-general-del-programa-de-asistencia-integral-de-cordoba-p-a-icor/,http://www.cba.gov.ar/wp-content/4p96humuzp/2015/12/oliva1.jpg
Juan Esteban Ferreiro,Secretario de Fortalecimiento Institucional,Secretaria General de la Gobernación,http://www.cba.gov.ar/reparticion/secretaria-general-de-la-gobernacion/secretaria-de-fortalecimiento-institucional/,http://www.cba.gov.ar/wp-content/4p96humuzp/2015/06/juan-esteban-ferreiro.jpg
Daniela María Beletti,Directora General de Gestión Pública,Secretaria General de la Gobernación,http://www.cba.gov.ar/reparticion/secretaria-general-de-la-gobernacion/secretaria-de-fortalecimiento-institucional/direccion-general-de-gestion-publica/,http://www.cba.gov.ar/wp-content/4p96humuzp/2015/12/daniela-beletti1.jpg
Héctor Juan Conti,Director General de Estadística y Censos,Secretaria General de la Gobernación,http://www.cba.gov.ar/reparticion/secretaria-general-de-la-gobernacion/secretaria-de-fortalecimiento-institucional/dir-gral-estadisticas-y-censos/,http://www.cba.gov.ar/wp-content/4p96humuzp/2012/05/hector-conti.jpg
Gustavo Panighel,Secretario de Capital Humano,Secretaria General de la Gobernación,http://www.cba.gov.ar/reparticion/secretaria-general-de-la-gobernacion/secretaria-de-capital-humano/,http://www.cba.gov.ar/wp-content/4p96humuzp/2014/03/panighel.jpg
Christian Zoela,Director General de Desarrollo del Capital Humano ,Secretaria General de la Gobernación,http://www.cba.gov.ar/reparticion/secretaria-general-de-la-gobernacion/secretaria-de-capital-humano/dir-gral-de-planificacion-y-desarrollo-del-capital-humano/,http://www.cba.gov.ar/wp-content/4p96humuzp/2014/02/zoelacristian.jpg
Cr. José Ernesto Sonzini,Director General de Gestión Salarial,Secretaria General de la Gobernación,http://www.cba.gov.ar/reparticion/secretaria-general-de-la-gobernacion/secretaria-de-capital-humano/direccion-general-de-gestion-salarial/,http://www.cba.gov.ar/wp-content/4p96humuzp/2014/08/ernesto-sonzini1.jpg
Leonardo Catelli,Director General de Administración de Capital Humano,Secretaria General de la Gobernación,http://www.cba.gov.ar/reparticion/secretaria-general-de-la-gobernacion/secretaria-de-capital-humano/direccion-general-de-administracion-de-capital-humano/,http://www.cba.gov.ar/wp-content/4p96humuzp/2016/07/catelli1.jpg
Lilian Raquel Rivero,Directora General de Asuntos Legales,Secretaria General de la Gobernación,http://www.cba.gov.ar/reparticion/secretaria-general-de-la-gobernacion/dir-gral-de-asuntos-legales/,http://www.cba.gov.ar/wp-content/4p96humuzp/2012/05/lilian-rivero1.jpg
Juan D´Amico,Director General de Coordinación de Infraestructura Tecnológica,Secretaria General de la Gobernación,http://www.cba.gov.ar/reparticion/secretaria-general-de-la-gobernacion/direccion-general-de-coordinacion-de-infraestructura-tecnologica/,http://www.cba.gov.ar/wp-content/4p96humuzp/2015/12/Damico1.jpg
Mario Gabriel Marcellini,Director  General de Aeronáutica,Secretaria General de la Gobernación,http://www.cba.gov.ar/reparticion/secretaria-general-de-la-gobernacion/direccion-general-de-aeronautica/,
Carlos Luciano Ilari,Secretario de la Delegación Oficial del Gobierno de la Provincia de Córdoba,Secretaria General de la Gobernación,http://www.cba.gov.ar/reparticion/secretaria-general-de-la-gobernacion/secretaria-de-la-delegacion-oficial-del-gobierno-de-la-provincia-de-cordoba/,http://www.cba.gov.ar/wp-content/4p96humuzp/2016/07/Carlos-Ilari.jpg
Hugo Emilio Palacios,Secretario de la Delegación del Gobierno de la Provincia de Córdoba en Río Cuarto,Secretaria General de la Gobernación,http://www.cba.gov.ar/reparticion/secretaria-general-de-la-gobernacion/secretaria-de-la-delegacion-del-gobierno-de-la-provincia-de-cordoba-en-rio-cuarto/,http://www.cba.gov.ar/wp-content/4p96humuzp/2015/12/Foto-Hugo-Palacios.jpg
Lic. Jorge Sebastián Borgognoni,Director General de la Delegación Oficial del Gobierno de la Provincia de Córdoba en la ciudad de San Francisco,Secretaria General de la Gobernación,http://www.cba.gov.ar/reparticion/secretaria-general-de-la-gobernacion/direccion-general-de-la-delegacion-oficial-del-gobierno-de-la-provincia-de-cordoba-en-la-ciudad-de-san-francisco/,http://www.cba.gov.ar/wp-content/4p96humuzp/2015/12/delegado-san-francisco1.jpg
Néstor Emilio Filipponi,Secretario de Salud Mental,Ministro de Salud,http://www.cba.gov.ar/reparticion/ministerio-de-salud/secretaria-de-salud-mental/,
María Pía Guidetti,Directora General de Gestión Sanitaria,Ministro de Salud,http://www.cba.gov.ar/reparticion/ministerio-de-salud/secretaria-de-salud-mental/direccion-general-de-gestion-sanitaria/,
Diego Cardozo,Secretario de Servicios Asistenciales,Ministro de Salud,http://www.cba.gov.ar/reparticion/ministerio-de-salud/secretaria-de-servicios-asistenciales-2/,
Héctor Ricardo Máisuls,"Subsecretario de Coordinación de Atención Médica, Calidad Hospitalaria y Seguridad del Paciente",Ministro de Salud,http://www.cba.gov.ar/reparticion/ministerio-de-salud/secretaria-de-servicios-asistenciales-2/subsecretaria-de-coordinacion-de-atencion-medica-calidad-hospitalaria-y-seguridad-del-paciente/,
María Teresa Puga Marín,"Subsecretaria de Discapacidad, Rehabilitación e Inclusión",Ministro de Salud,http://www.cba.gov.ar/reparticion/ministerio-de-salud/subsecretaria-de-discapacidad-rehabilitacion-e-inclusion/,http://www.cba.gov.ar/wp-content/4p96humuzp/2015/12/Maria-Teresa-Puga.png
Eduardo Ariel Carrizo,Subsecretario de Fiscalización y Control de Atención Médica,Ministro de Salud,http://www.cba.gov.ar/reparticion/ministerio-de-salud/subsecretaria-de-fiscalizacion-y-atencion-medica/,
José Andrés Ahun Frau,Director General Legal y Técnico,Ministro de Salud,http://www.cba.gov.ar/reparticion/ministerio-de-salud/subsecretaria-de-fiscalizacion-y-atencion-medica/direccion-general-legal-y-tecnica/,
Analía Cudolá,Secretaria de Prevención y Promoción de la Salud,Ministro de Salud,http://www.cba.gov.ar/reparticion/ministerio-de-salud/secretaria-de-prevencion-y-promocion-de-la-salud/,
Diego Alonso,Subsecretario de Coordinación de Programas,Ministro de Salud,http://www.cba.gov.ar/reparticion/ministerio-de-salud/secretaria-de-prevencion-y-promocion-de-la-salud/subsecretaria-de-coordinacion-de-programas/,
Leonardo Luís Mongi,Director General de Enfermedades Crónicas no Transmisibles,Ministro de Salud,http://www.cba.gov.ar/reparticion/ministerio-de-salud/secretaria-de-prevencion-y-promocion-de-la-salud/direccion-general-de-enfermedades-cronicas-no-transmisibles/,
Alejandro Gauto,Secretaria de Coordinación y Gestión Administrativa,Ministro de Salud,http://www.cba.gov.ar/reparticion/ministerio-de-salud/secretaria-de-coordinacion-y-gestion-administrativa-2/,
Alejandro Soliani,Subsecretario Contable y Presupuestario,Ministro de Salud,http://www.cba.gov.ar/reparticion/ministerio-de-salud/secretaria-de-coordinacion-y-gestion-administrativa-2/subsecretaria-contable-y-presupuestario/,
Roque Alberto Villalón,Subsecretario de Coordinación de Programas Sociales y Administración Hospitalaria,Ministro de Salud,http://www.cba.gov.ar/reparticion/ministerio-de-salud/secretaria-de-coordinacion-y-gestion-administrativa-2/subsecretaria-de-coordinacion-de-programas-sociales-y-administracion-hospitalaria/,
Norberto Emilio Martínez,Director General de Acción Social,Ministro de Salud,http://www.cba.gov.ar/reparticion/ministerio-de-salud/secretaria-de-coordinacion-y-gestion-administrativa-2/subsecretaria-de-coordinacion-de-programas-sociales-y-administracion-hospitalaria/direccion-general-de-accion-social/,
José María Cittadini,Director General de Compras y Contrataciones,Ministro de Salud,http://www.cba.gov.ar/reparticion/ministerio-de-salud/secretaria-de-coordinacion-y-gestion-administrativa-2/dir-gral-compras-y-suministros/,
Adrián  Danieli,Director General de Infraestructura,Ministro de Salud,http://www.cba.gov.ar/reparticion/ministerio-de-salud/secretaria-de-coordinacion-y-gestion-administrativa-2/direccion-general-de-infraestructura/,
Darío Gigena Parker ,Secretario de Prevención y Asistencia de las Adicciones,Ministro de Salud,http://www.cba.gov.ar/reparticion/ministerio-de-salud/secretaria-de-prevencion-y-asistencia-de-las-adicciones/,http://www.cba.gov.ar/wp-content/4p96humuzp/2015/12/Dario-Gigena-Parker.png
Pablo Bonino,Subsecretario de Prevención de Adicciones ,Ministro de Salud,http://www.cba.gov.ar/reparticion/ministerio-de-salud/secretaria-de-prevencion-y-asistencia-de-las-adicciones/subsecretaria-de-prevencion-de-adicciones/,
Sergio Victorio Metrebian,Director General de Capacitación y Formación en Salud,Ministro de Salud,http://www.cba.gov.ar/reparticion/ministerio-de-salud/dir-gral-de-escuela-de-formacion-de-especialistas/,
Laura Matilde Echenique,Secretaria de Justicia,Ministro de Justicia y Derechos Humanos,http://www.cba.gov.ar/reparticion/ministerio-de-justicia-y-derechos-humanos/secretaria-de-justicia-y-derechos-humanos/,http://www.cba.gov.ar/wp-content/4p96humuzp/2012/05/laura-echenique.jpg
,Directora General Registro Civil y Capacidad de las Personas,Ministro de Justicia y Derechos Humanos,http://www.cba.gov.ar/reparticion/ministerio-de-justicia-y-derechos-humanos/secretaria-de-justicia-y-derechos-humanos/direccion-general-registro-civil-y-capacidad-de-las-personas-ministerio-de-justicia-y-derechos-humanos/,
Darío Conrado Luna,Presidente Unidad Ejecutora para el Saneamiento de Títulos,Ministro de Justicia y Derechos Humanos,http://www.cba.gov.ar/reparticion/ministerio-de-justicia-y-derechos-humanos/secretaria-de-justicia-y-derechos-humanos/directorio-unidad-ejecutora-para-el-saneamiento-de-titulos-ministerio-de-justicia-y-derechos-humanos/,
Raúl Hernando Sánchez,Secretario de Derechos Humanos,Ministro de Justicia y Derechos Humanos,http://www.cba.gov.ar/reparticion/ministerio-de-justicia-y-derechos-humanos/secretaria-de-derechos-humanos/,http://www.cba.gov.ar/wp-content/4p96humuzp/2012/06/raulSANCHEZ200X150.jpg
Graciela Ayame,Subsecretaria de Derechos Humanos,Ministro de Justicia y Derechos Humanos,http://www.cba.gov.ar/reparticion/ministerio-de-justicia-y-derechos-humanos/secretaria-de-derechos-humanos/subsecretaria-de-derechos-humanos-ministerio-de-justicia-y-derechos-humanos/,
Cristian Scheurer,Director General de Capacitación y Difusión de los Derechos Humanos en la Comunidad,Ministro de Justicia y Derechos Humanos,http://www.cba.gov.ar/reparticion/ministerio-de-justicia-y-derechos-humanos/secretaria-de-derechos-humanos/direccion-general-de-capacitacion-y-difusion-de-los-derechos-humanos-en-la-comunidad/,
Claudia Roxana Martínez,Secretaria de Lucha contra la Violencia a la Mujer y Trata de Personas,Ministro de Justicia y Derechos Humanos,http://www.cba.gov.ar/reparticion/ministerio-de-justicia-y-derechos-humanos/secretaria-de-lucha-contra-la-violencia-a-la-mujer-y-trata-de-personas/,http://www.cba.gov.ar/wp-content/4p96humuzp/2015/12/Claudia-Roxana-Martinez.jpg
Cintia Daniela Hayipanteli,Subsecretaria de Asistencia y Trata de Personas,Ministro de Justicia y Derechos Humanos,http://www.cba.gov.ar/reparticion/ministerio-de-justicia-y-derechos-humanos/secretaria-de-lucha-contra-la-violencia-a-la-mujer-y-trata-de-personas/subsecretaria-de-asistencia-y-trata-de-personas/,http://www.cba.gov.ar/wp-content/4p96humuzp/2016/03/hayipantelli.png
Emma Lucía García,Subsecretaria de Lucha Contra la Violencia de Género y Familia,Ministro de Justicia y Derechos Humanos,http://www.cba.gov.ar/reparticion/ministerio-de-justicia-y-derechos-humanos/secretaria-de-lucha-contra-la-violencia-a-la-mujer-y-trata-de-personas/subsecretaria-de-lucha-contra-la-violencia-de-genero-y-familia/,http://www.cba.gov.ar/wp-content/4p96humuzp/2016/02/Emma-Lucia-Garcia.jpg
José Ricardo Piñero,"Secretario de Niñez, Adolescencia y Familia",Ministro de Justicia y Derechos Humanos,http://www.cba.gov.ar/reparticion/ministerio-de-justicia-y-derechos-humanos/secretaria-de-ninez-adolescencia-y-familia/,http://www.cba.gov.ar/wp-content/4p96humuzp/2012/06/Piñero1.jpg
Antonio Franco,"Subsecretario de Niñez, Adolescencia y Familia",Ministro de Justicia y Derechos Humanos,http://www.cba.gov.ar/reparticion/ministerio-de-justicia-y-derechos-humanos/secretaria-de-ninez-adolescencia-y-familia/subsecretaria-de-ninez-adolescencia-y-familia/,
Pablo Rivarola,Director General Penal Juvenil,Ministro de Justicia y Derechos Humanos,http://www.cba.gov.ar/reparticion/ministerio-de-justicia-y-derechos-humanos/secretaria-de-ninez-adolescencia-y-familia/direccion-general-penal-juvenil/,http://www.cba.gov.ar/wp-content/4p96humuzp/2015/12/Pablo-Rivarola.jpg
,,Ministro de Justicia y Derechos Humanos,http://www.cba.gov.ar/reparticion/ministerio-de-justicia-y-derechos-humanos/secretaria-de-ninez-adolescencia-y-familia/direccion-de-coordinacion-operativa-de-areas-de-proteccion-integral-de-derechos/,
Juan Martín Farfán,Secretario de Organización y Gestión Penitenciaria,Ministro de Justicia y Derechos Humanos,http://www.cba.gov.ar/reparticion/ministerio-de-justicia-y-derechos-humanos/secretaria-de-organizacion-y-gestion-penitenciaria/,http://www.cba.gov.ar/wp-content/4p96humuzp/2012/06/Martín-Farfan.jpg
Sandra Liz Chiavaro,Directora General de Capacitación Profesional Penitenciaria,Ministro de Justicia y Derechos Humanos,http://www.cba.gov.ar/reparticion/ministerio-de-justicia-y-derechos-humanos/secretaria-de-organizacion-y-gestion-penitenciaria/direccion-general-de-capacitacion-profesional-penitenciaria/,
Juan E. Gelos,"Director de Trabajo, Producción y Comercialización Penitenciaria del Servicio Penitenciario de Córdoba",Ministro de Justicia y Derechos Humanos,http://www.cba.gov.ar/reparticion/ministerio-de-justicia-y-derechos-humanos/secretaria-de-organizacion-y-gestion-penitenciaria/direccion-de-trabajo-produccion-y-comercializacion-penitenciaria-del-servicio-penitenciario-de-cordoba/,
,,Ministro de Justicia y Derechos Humanos,http://www.cba.gov.ar/reparticion/ministerio-de-justicia-y-derechos-humanos/secretaria-de-organizacion-y-gestion-penitenciaria/direccion-del-patronato-del-liberado/,
Juan María Bouvier,Titular,Ministro de Justicia y Derechos Humanos,http://www.cba.gov.ar/reparticion/ministerio-de-justicia-y-derechos-humanos/secretaria-de-organizacion-y-gestion-penitenciaria/servicio-penitenciario-de-cordoba/,http://www.cba.gov.ar/wp-content/4p96humuzp/2013/02/Juan-María-Bouvier-Serv-Pnitenciario-Provincial.jpg
María Inés Cabanillas,Directora de Administración del Servicio Penitenciario,Ministro de Justicia y Derechos Humanos,http://www.cba.gov.ar/reparticion/ministerio-de-justicia-y-derechos-humanos/secretaria-de-organizacion-y-gestion-penitenciaria/direccion-de-administracion-del-servicio-penitenciari/,
Rosa E. Alaimo,Directora de Asuntos Jurídicos del Servicio Penitenciario de Córdoba,Ministro de Justicia y Derechos Humanos,http://www.cba.gov.ar/reparticion/ministerio-de-justicia-y-derechos-humanos/secretaria-de-organizacion-y-gestion-penitenciaria/direccion-de-asuntos-juridicos-del-servicio-penitenciario-de-cordoba/,
,Director de Políticas Penitenciarias,Ministro de Justicia y Derechos Humanos,http://www.cba.gov.ar/reparticion/ministerio-de-justicia-y-derechos-humanos/secretaria-de-organizacion-y-gestion-penitenciaria/direccion-de-politicas-penitenciarias/,
Nicolás Ramón Pagnucco,Director General de Asuntos Legales,Ministro de Justicia y Derechos Humanos,http://www.cba.gov.ar/reparticion/ministerio-de-justicia-y-derechos-humanos/direccion-general-de-asuntos-legales/,
José Rodríguez Ponce,Director ejecutivo,Presidente de la Agencia Córdoba Innovar y Emprender,http://www.cba.gov.ar/reparticion/agencia-cordoba-innovar-y-emprender/direccion-ejecutiva/,http://www.cba.gov.ar/wp-content/4p96humuzp/2017/04/Jose-Rodriguez1.png
Nicolás Piloni, Director de Innovación,Presidente de la Agencia Córdoba Innovar y Emprender,http://www.cba.gov.ar/reparticion/agencia-cordoba-innovar-y-emprender/direccion-de-innovacion/,http://www.cba.gov.ar/wp-content/4p96humuzp/2017/04/Nicolas-Piloni-color.png
Patricio Bavera,Director Río Cuarto,Presidente de la Agencia Córdoba Innovar y Emprender,http://www.cba.gov.ar/reparticion/agencia-cordoba-innovar-y-emprender/direccion-rio-cuarto/,http://www.cba.gov.ar/wp-content/4p96humuzp/2017/04/Patricio-Bavera1.png
